Customer_ID,Rank,Last Name,First Name,Email,Phone Number,,,"***DATA PROTECTED VIA PRIVACY ACT, NAMES and NUMBERS RANDOMIZED***",,,
1,SrA,Anderson,Abigail,abigail.anderson@us.af.mil,(202) 456-7890,,,,,,
2,SSgt,Bennett,Adam,adam.bennett@us.af.mil,(415) 234-5678,,,,,,
3,TSgt,Carlson,Ava,ava.carlson@us.af.mil,(212) 345-6789,,,,,,
4,SrA,Davidson,Benjamin,benjamin.davidson@us.af.mil,(305) 876-5432,,,,,,
5,A1C,Edwards,Bianca,bianca.edwards@us.af.mil,(310) 654-3210,,,,,,
6,SSgt,Foster,Caleb,caleb.foster@us.af.mil,(404) 987-6543,,,,,,
7,SrA,Grant,Chloe,chloe.grant@us.af.mil,(206) 123-4567,,,,,,
8,TSgt,Hayes,Charles,charles.hayes@us.af.mil,(312) 890-1234,,,,,,
9,SrA,Irwin,Charlotte,charlotte.irwin@us.af.mil,(213) 567-8901,,,,,,
10,SSgt,Jackson,Daniel,daniel.jackson@us.af.mil,(415) 901-2345,,,,,,
11,Amn,King,Daisy,daisy.king@us.af.mil,(202) 678-9012,,,,,,
12,SrA,Lewis,Elijah,elijah.lewis@us.af.mil,(212) 345-6789,,,,,,
13,TSgt,Mitchell,Emily,emily.mitchell@us.af.mil,(305) 123-4567,,,,,,
14,SSgt,Norris,Ethan,ethan.norris@us.af.mil,(310) 876-5432,,,,,,
15,SrA,Owens,Ella,ella.owens@us.af.mil,(404) 654-3210,,,,,,
16,SrA,Parker,Felix,felix.parker@us.af.mil,(206) 987-6543,,,,,,
17,TSgt,Quinn,Fiona,fiona.quinn@us.af.mil,(312) 123-4567,,,,,,
18,SSgt,Reed,Gabriel,gabriel.reed@us.af.mil,(213) 890-1234,,,,,,
19,SrA,Stone,Grace,grace.stone@us.af.mil,(415) 567-8901,,,,,,
20,SrA,Taylor,Henry,henry.taylor@us.af.mil,(202) 901-2345,,,,,,
21,SSgt,Underwood,Hannah,hannah.underwood@us.af.mil,(212) 678-9012,,,,,,
22,TSgt,Vance,Isaac,isaac.vance@us.af.mil,(305) 345-6789,,,,,,
23,SrA,Wallace,Ivy,ivy.wallace@us.af.mil,(310) 123-4567,,,,,,
24,SrA,Xavier,Jack,jack.xavier@us.af.mil,(404) 876-5432,,,,,,
25,SSgt,Young,Jasmine,jasmine.young@us.af.mil,(206) 654-3210,,,,,,
26,SrA,Zimmerman,James,james.zimmerman@us.af.mil,(312) 987-6543,,,,,,
27,TSgt,Adams,Julia,julia.adams@us.af.mil,(213) 123-4567,,,,,,
28,SrA,Bailey,Kevin,kevin.bailey@us.af.mil,(415) 890-1234,,,,,,
29,SSgt,Campbell,Kylie,kylie.campbell@us.af.mil,(202) 567-8901,,,,,,
30,SrA,Doyle,Liam,liam.doyle@us.af.mil,(212) 901-2345,,,,,,
31,SrA,Evans,Lily,lily.evans@us.af.mil,(305) 678-9012,,,,,,
32,TSgt,Foster,Leo,leo.foster@us.af.mil,(310) 345-6789,,,,,,
33,SSgt,Grant,Lucy,lucy.grant@us.af.mil,(404) 123-4567,,,,,,
34,SrA,Harris,Mason,mason.harris@us.af.mil,(206) 876-5432,,,,,,
35,SrA,Iverson,Mia,mia.iverson@us.af.mil,(312) 654-3210,,,,,,
36,SrA,Johnson,Michael,michael.johnson@us.af.mil,(213) 987-6543,,,,,,
37,SSgt,Keller,Madison,madison.keller@us.af.mil,(415) 123-4567,,,,,,
38,TSgt,Lawrence,Nathan,nathan.lawrence@us.af.mil,(202) 890-1234,,,,,,
39,SrA,Moore,Nora,nora.moore@us.af.mil,(212) 567-8901,,,,,,
40,SrA,Nichols,Noah,noah.nichols@us.af.mil,(305) 901-2345,,,,,,
41,SSgt,O’Connor,Natalie,natalie.o’connor@us.af.mil,(310) 678-9012,,,,,,
42,SrA,Peterson,Oliver,oliver.peterson@us.af.mil,(404) 345-6789,,,,,,
43,TSgt,Robinson,Olivia,olivia.robinson@us.af.mil,(206) 123-4567,,,,,,
44,SrA,Scott,Owen,owen.scott@us.af.mil,(312) 876-5432,,,,,,
45,SrA,Turner,Paige,paige.turner@us.af.mil,(213) 654-3210,,,,,,
46,SSgt,Vaughn,Peter,peter.vaughn@us.af.mil,(415) 987-6543,,,,,,
47,SrA,Warner,Piper,piper.warner@us.af.mil,(202) 123-4567,,,,,,
48,SrA,Young,Quinton,quinton.young@us.af.mil,(212) 890-1234,,,,,,
49,TSgt,Abbott,Quinn,quinn.abbott@us.af.mil,(305) 567-8901,,,,,,
50,SSgt,Barker,Ryan,ryan.barker@us.af.mil,(310) 901-2345,,,,,,
51,SrA,Clark,Rachel,rachel.clark@us.af.mil,(404) 678-9012,,,,,,
52,SrA,Dawson,Samuel,samuel.dawson@us.af.mil,(206) 345-6789,,,,,,
53,SrA,Elliot,Sophia,sophia.elliot@us.af.mil,(312) 123-4567,,,,,,
54,SSgt,Frank,Steven,steven.frank@us.af.mil,(213) 876-5432,,,,,,
55,TSgt,Gibson,Stella,stella.gibson@us.af.mil,(415) 654-3210,,,,,,
56,SrA,Hall,Thomas,thomas.hall@us.af.mil,(202) 987-6543,,,,,,
57,SrA,Ingram,Taylor,taylor.ingram@us.af.mil,(212) 123-4567,,,,,,
58,SrA,Jackson,Theodore,theodore.jackson@us.af.mil,(305) 890-1234,,,,,,
59,SSgt,Knight,Tessa,tessa.knight@us.af.mil,(310) 567-8901,,,,,,
60,SrA,Lee,Uriel,uriel.lee@us.af.mil,(404) 901-2345,,,,,,
61,TSgt,Murphy,Ursula,ursula.murphy@us.af.mil,(206) 678-9012,,,,,,
62,SrA,Newman,Victor,victor.newman@us.af.mil,(312) 345-6789,,,,,,
63,SrA,O’Neil,Vanessa,vanessa.o’neil@us.af.mil,(213) 123-4567,,,,,,
64,SSgt,Phillips,William,william.phillips@us.af.mil,(415) 876-5432,,,,,,
65,SrA,Reynolds,Wendy,wendy.reynolds@us.af.mil,(202) 654-3210,,,,,,
66,SrA,Scott,Xavier,xavier.scott@us.af.mil,(212) 987-6543,,,,,,
67,TSgt,Tanner,Zoe,zoe.tanner@us.af.mil,(305) 123-4567,,,,,,
68,SrA,Upton,Zachary,zachary.upton@us.af.mil,(310) 890-1234,,,,,,
69,SSgt,Vincent,Zoe,zoe.vincent@us.af.mil,(404) 567-8901,,,,,,
70,SrA,Wallace,Aiden,aiden.wallace@us.af.mil,(206) 901-2345,,,,,,
71,SrA,Warren,Alexis,alexis.warren@us.af.mil,(312) 678-9012,,,,,,
72,SrA,Yates,Andy,andy.yates@us.af.mil,(213) 345-6789,,,,,,
73,SSgt,Zamora,Audrey,audrey.zamora@us.af.mil,(415) 123-4567,,,,,,
74,TSgt,Allen,Austin,austin.allen@us.af.mil,(202) 876-5432,,,,,,
75,SrA,Bell,Bella,bella.bell@us.af.mil,(212) 654-3210,,,,,,
76,SrA,Carter,Brian,brian.carter@us.af.mil,(305) 987-6543,,,,,,
77,SrA,Donovan,Brooke,brooke.donovan@us.af.mil,(310) 123-4567,,,,,,
78,SSgt,Evans,Carter,carter.evans@us.af.mil,(404) 890-1234,,,,,,
79,SrA,Fisher,Clara,clara.fisher@us.af.mil,(206) 567-8901,,,,,,
80,TSgt,Gomez,Dean,dean.gomez@us.af.mil,(312) 901-2345,,,,,,
81,SrA,Hughes,Delilah,delilah.hughes@us.af.mil,(213) 678-9012,,,,,,
82,SrA,Irving,Dustin,dustin.irving@us.af.mil,(415) 345-6789,,,,,,
83,SrA,Jacobs,Diana,diana.jacobs@us.af.mil,(202) 123-4567,,,,,,
84,SSgt,Kline,Evan,evan.kline@us.af.mil,(212) 876-5432,,,,,,
85,SrA,Lee,Ella,ella.lee@us.af.mil,(305) 654-3210,,,,,,
86,TSgt,Montgomery,Finley,finley.montgomery@us.af.mil,(310) 987-6543,,,,,,
87,SrA,Nelson,Fiona,fiona.nelson@us.af.mil,(404) 123-4567,,,,,,
88,SrA,Owens,Gavin,gavin.owens@us.af.mil,(206) 890-1234,,,,,,
89,SSgt,Powell,Giselle,giselle.powell@us.af.mil,(312) 567-8901,,,,,,
90,SrA,Richards,Grayson,grayson.richards@us.af.mil,(213) 901-2345,,,,,,
91,SrA,Sanders,Gianna,gianna.sanders@us.af.mil,(415) 678-9012,,,,,,
92,TSgt,Thomas,Hunter,hunter.thomas@us.af.mil,(202) 345-6789,,,,,,
93,SrA,Urban,Hailey,hailey.urban@us.af.mil,(212) 123-4567,,,,,,
94,SrA,Watson,Ian,ian.watson@us.af.mil,(305) 876-5432,,,,,,
95,SSgt,Xander,Isla,isla.xander@us.af.mil,(310) 654-3210,,,,,,
96,SrA,York,Jaden,jaden.york@us.af.mil,(404) 987-6543,,,,,,
97,SrA,Ziegler,Julia,julia.ziegler@us.af.mil,(206) 123-4567,,,,,,
98,SrA,Adams,Jordan,jordan.adams@us.af.mil,(312) 890-1234,,,,,,
99,SSgt,Baker,Jasmine,jasmine.baker@us.af.mil,(213) 567-8901,,,,,,
100,SrA,Christensen,Jace,jace.christensen@us.af.mil,(415) 901-2345,,,,,,
